Species_accepted_names,order,APG4_group,order_group
Nymphaea_ampla,Nymphaeales,Basal,Basal
Alseuosmia_macrophylla,Asterales,Eudicot,Asterales
Alseuosmia_pusilla,Asterales,Eudicot,Asterales
Alseuosmia_quercifolia,Asterales,Eudicot,Asterales
Alseuosmia_turneri,Asterales,Eudicot,Asterales
Solidago_canadensis,Asterales,Eudicot,Asterales
Euthamia_graminifolia,Asterales,Eudicot,Asterales
Solidago_juncea,Asterales,Eudicot,Asterales
Senecio_integrifolius,Asterales,Eudicot,Asterales
Acourtia_runcinata,Asterales,Eudicot,Asterales
Helianthus_exilis,Asterales,Eudicot,Asterales
Liatris_ohlingerae,Asterales,Eudicot,Asterales
Argyroxiphium_sandwicense,Asterales,Eudicot,Asterales
Taraxacum_ceratophorum,Asterales,Eudicot,Asterales
Scorzonera_humilis,Asterales,Eudicot,Asterales
Gerbera_aurantiaca,Asterales,Eudicot,Asterales
Lecocarpus_pinnatifidus,Asterales,Eudicot,Asterales
Balsamorhiza_sagittata,Asterales,Eudicot,Asterales
Chuquiraga_oppositifolia,Asterales,Eudicot,Asterales
Antennaria_dioica,Asterales,Eudicot,Asterales
Centaurea_jacea,Asterales,Eudicot,Asterales
Helichrysum_stoechas,Asterales,Eudicot,Asterales
Hypochaeris_thrincioides,Asterales,Eudicot,Asterales
Perezia_carthamoides,Asterales,Eudicot,Asterales
Flourensia_cernua,Asterales,Eudicot,Asterales
Erigeron_breviscapus,Asterales,Eudicot,Asterales
Saussurea_laniceps,Asterales,Eudicot,Asterales
Saussurea_medusa,Asterales,Eudicot,Asterales
Symphyotrichum_sericeum,Asterales,Eudicot,Asterales
Coreopsis_lanceolata,Asterales,Eudicot,Asterales
Cirsium_boninense,Asterales,Eudicot,Asterales
Crepidiastrum_grandicollum,Asterales,Eudicot,Asterales
Ixeris_longirostra,Asterales,Eudicot,Asterales
Balsamorhiza_deltoidea,Asterales,Eudicot,Asterales
Lasthenia_fremontii,Asterales,Eudicot,Asterales
Chaetanthera_renifolia,Asterales,Eudicot,Asterales
Echinacea_laevigata,Asterales,Eudicot,Asterales
Wahlenbergia_krebsii,Asterales,Eudicot,Asterales
Inula_royleana,Asterales,Eudicot,Asterales
Leucanthemum_vulgare,Asterales,Eudicot,Asterales
Atractylodes_japonica,Asterales,Eudicot,Asterales
Arnica_latifolia,Asterales,Eudicot,Asterales
Ixeris_chinensis,Asterales,Eudicot,Asterales
Sonchus_arvensis,Asterales,Eudicot,Asterales
Centaurea_solstitialis,Asterales,Eudicot,Asterales
Carduus_nutans,Asterales,Eudicot,Asterales
Nastanthus_scapigerus,Asterales,Eudicot,Asterales
Lobelia_cardinalis,Asterales,Eudicot,Asterales
Lobelia_siphilitica,Asterales,Eudicot,Asterales
Campanula_rotundifolia,Asterales,Eudicot,Asterales
Campanula_americana,Asterales,Eudicot,Asterales
Lobelia_boykinii,Asterales,Eudicot,Asterales
Lobelia_chinensis,Asterales,Eudicot,Asterales
Canarina_canariensis,Asterales,Eudicot,Asterales
Wahlenbergia_cuspidata,Asterales,Eudicot,Asterales
Wahlenbergia_albomarginata,Asterales,Eudicot,Asterales
Lobelia_telekii,Asterales,Eudicot,Asterales
Lobelia_gregoriana,Asterales,Eudicot,Asterales
Scaevola_taccada,Asterales,Eudicot,Asterales
Atriplex_acanthocarpa,Caryophyllales,Eudicot,Caryophyllales
Atriplex_canescens,Caryophyllales,Eudicot,Caryophyllales
Krascheninnikovia_ceratoides,Caryophyllales,Eudicot,Caryophyllales
Pachycereus_pringlei,Caryophyllales,Eudicot,Caryophyllales
Carnegiea_gigantea,Caryophyllales,Eudicot,Caryophyllales
Stenocereus_thurberi,Caryophyllales,Eudicot,Caryophyllales
Lophocereus_schottii,Caryophyllales,Eudicot,Caryophyllales
Echinopsis_atacamensis,Caryophyllales,Eudicot,Caryophyllales
Ferocactus_cylindraceus,Caryophyllales,Eudicot,Caryophyllales
Ferocactus_wislizeni,Caryophyllales,Eudicot,Caryophyllales
Pachycereus_pecten-aboriginum,Caryophyllales,Eudicot,Caryophyllales
Melocactus_glaucescens,Caryophyllales,Eudicot,Caryophyllales
Melocactus_paucispinus,Caryophyllales,Eudicot,Caryophyllales
Cereus_repandus,Caryophyllales,Eudicot,Caryophyllales
Stenocereus_griseus,Caryophyllales,Eudicot,Caryophyllales
Opuntia_monacantha,Caryophyllales,Eudicot,Caryophyllales
Cipocereus_laniflorus,Caryophyllales,Eudicot,Caryophyllales
Echinopsis_thelegona,Caryophyllales,Eudicot,Caryophyllales
Schlumbergera_truncata,Caryophyllales,Eudicot,Caryophyllales
Ariocarpus_agavioides,Caryophyllales,Eudicot,Caryophyllales
Ariocarpus_bravoanus,Caryophyllales,Eudicot,Caryophyllales
Ariocarpus_fissuratus,Caryophyllales,Eudicot,Caryophyllales
Ariocarpus_kotschoubeyanus,Caryophyllales,Eudicot,Caryophyllales
Ariocarpus_retusus,Caryophyllales,Eudicot,Caryophyllales
Ariocarpus_scaphirostris,Caryophyllales,Eudicot,Caryophyllales
Ariocarpus_retusus_subsp._trigonus,Caryophyllales,Eudicot,Caryophyllales
Marginatocereus_marginatus,Caryophyllales,Eudicot,Caryophyllales
Stellaria_pubera,Caryophyllales,Eudicot,Caryophyllales
Silene_latifolia_subsp._alba,Caryophyllales,Eudicot,Caryophyllales
Dianthus_deltoides,Caryophyllales,Eudicot,Caryophyllales
Silene_viscaria,Caryophyllales,Eudicot,Caryophyllales
Silene_acaulis,Caryophyllales,Eudicot,Caryophyllales
Silene_virginica,Caryophyllales,Eudicot,Caryophyllales
Silene_dioica,Caryophyllales,Eudicot,Caryophyllales
Silene_douglasii,Caryophyllales,Eudicot,Caryophyllales
Silene_douglasii_var._oraria,Caryophyllales,Eudicot,Caryophyllales
Cerastium_alpinum,Caryophyllales,Eudicot,Caryophyllales
Cerastium_cerastoides,Caryophyllales,Eudicot,Caryophyllales
Dianthus_armeria,Caryophyllales,Eudicot,Caryophyllales
Silene_stellata,Caryophyllales,Eudicot,Caryophyllales
Silene_latifolia,Caryophyllales,Eudicot,Caryophyllales
Silene_acutifolia,Caryophyllales,Eudicot,Caryophyllales
Claytonia_virginica,Caryophyllales,Eudicot,Caryophyllales
Claytonia_lanceolata,Caryophyllales,Eudicot,Caryophyllales
Mirabilis_jalapa,Caryophyllales,Eudicot,Caryophyllales
Abronia_alpina,Caryophyllales,Eudicot,Caryophyllales
Rivina_humilis,Caryophyllales,Eudicot,Caryophyllales
Phytolacca_americana,Caryophyllales,Eudicot,Caryophyllales
Armeria_maritima,Caryophyllales,Eudicot,Caryophyllales
Limonium_otolepis,Caryophyllales,Eudicot,Caryophyllales
Limonium_chrysocomum,Caryophyllales,Eudicot,Caryophyllales
Plumbago_auriculata,Caryophyllales,Eudicot,Caryophyllales
Polygonum_japonicum,Caryophyllales,Eudicot,Caryophyllales
Polygonum_jucundum,Caryophyllales,Eudicot,Caryophyllales
Fagopyrum_acutatum,Caryophyllales,Eudicot,Caryophyllales
Talinum_paniculatum,Caryophyllales,Eudicot,Caryophyllales
Tamarix_chinensis,Caryophyllales,Eudicot,Caryophyllales
Tamarix_ramosissima,Caryophyllales,Eudicot,Caryophyllales
Eriocnema_fulva,Myrtales,Eudicot,Myrtales
Impatiens_platyadena,Ericales,Eudicot,Ericales
Impatiens_lateristachys,Ericales,Eudicot,Ericales
Impatiens_latifolia,Ericales,Eudicot,Ericales
Impatiens_oxyanthera,Ericales,Eudicot,Ericales
Impatiens_hainanensis,Ericales,Eudicot,Ericales
Impatiens_capensis,Ericales,Eudicot,Ericales
Diospyros_vera,Ericales,Eudicot,Ericales
Kalmia_latifolia,Ericales,Eudicot,Ericales
Andromeda_polifolia,Ericales,Eudicot,Ericales
Vaccinium_myrtillus,Ericales,Eudicot,Ericales
Vaccinium_microcarpum,Ericales,Eudicot,Ericales
Vaccinium_uliginosum,Ericales,Eudicot,Ericales
Vaccinium_vitis-idaea,Ericales,Eudicot,Ericales
Erica_multiflora,Ericales,Eudicot,Ericales
Rhododendron_championiae,Ericales,Eudicot,Ericales
Rhododendron_farrerae,Ericales,Eudicot,Ericales
Rhododendron_hongkongense,Ericales,Eudicot,Ericales
Rhododendron_moulmainense,Ericales,Eudicot,Ericales
Rhododendron_simiarum,Ericales,Eudicot,Ericales
Rhododendron_simsii,Ericales,Eudicot,Ericales
Vaccinium_hirtum,Ericales,Eudicot,Ericales
Vaccinium_smallii,Ericales,Eudicot,Ericales
Brachyloma_ericoides,Ericales,Eudicot,Ericales
Vaccinium_angustifolium,Ericales,Eudicot,Ericales
Vaccinium_myrtilloides,Ericales,Eudicot,Ericales
Ledum_palustre_subsp._groenlandicum,Ericales,Eudicot,Ericales
Rhododendron_canadense,Ericales,Eudicot,Ericales
Rhododendron_ponticum,Ericales,Eudicot,Ericales
Rhododendron_delavayi,Ericales,Eudicot,Ericales
Rhododendron_decorum,Ericales,Eudicot,Ericales
Rhododendron_agastum,Ericales,Eudicot,Ericales
Rhododendron_irroratum,Ericales,Eudicot,Ericales
Rhododendron_semibarbatum,Ericales,Eudicot,Ericales
Vaccinium_boninense,Ericales,Eudicot,Ericales
Gaylussacia_brasiliensis,Ericales,Eudicot,Ericales
Rhododendron_aureum,Ericales,Eudicot,Ericales
Rhododendron_macrosepalum,Ericales,Eudicot,Ericales
Rhododendron_reticulatum,Ericales,Eudicot,Ericales
Rhododendron_ferrugineum,Ericales,Eudicot,Ericales
Rhododendron_calendulaceum,Ericales,Eudicot,Ericales
Rhododendron_cyanocarpum,Ericales,Eudicot,Ericales
Vaccinium_membranaceum,Ericales,Eudicot,Ericales
Rhododendron_siderophyllum,Ericales,Eudicot,Ericales
Rhododendron_fortunei,Ericales,Eudicot,Ericales
Styphelia_abietina,Ericales,Eudicot,Ericales
Leucopogon_fasciculatus,Ericales,Eudicot,Ericales
Eschweilera_nana,Ericales,Eudicot,Ericales
Eurya_boninensis,Ericales,Eudicot,Ericales
Eurya_japonica,Ericales,Eudicot,Ericales
Polemonium_viscosum,Ericales,Eudicot,Ericales
Ipomopsis_aggregata,Ericales,Eudicot,Ericales
Phlox_drummondii,Ericales,Eudicot,Ericales
Linanthus_parviflorus,Ericales,Eudicot,Ericales
Linanthus_bicolor,Ericales,Eudicot,Ericales
Leptosiphon_jepsonii,Ericales,Eudicot,Ericales
Polemonium_van-bruntiae,Ericales,Eudicot,Ericales
Polemonium_caeruleum,Ericales,Eudicot,Ericales
Polemonium_foliosissimum,Ericales,Eudicot,Ericales
Primula_sieboldii,Ericales,Eudicot,Ericales
Primula_veris,Ericales,Eudicot,Ericales
Ardisia_escallonioides,Ericales,Eudicot,Ericales
Anagallis_monelli,Ericales,Eudicot,Ericales
Primula_farinosa,Ericales,Eudicot,Ericales
Primula_modesta,Ericales,Eudicot,Ericales
Ardisia_sieboldii,Ericales,Eudicot,Ericales
Lysimachia_mauritiana_var._rubida,Ericales,Eudicot,Ericales
Myrsine_maximowiczii,Ericales,Eudicot,Ericales
Primula_merrilliana,Ericales,Eudicot,Ericales
Primula_cusickiana_var._maguirei,Ericales,Eudicot,Ericales
Dodecatheon_hendersonii,Ericales,Eudicot,Ericales
Myrsine_parvifolia,Ericales,Eudicot,Ericales
Roridula_dentata,Ericales,Eudicot,Ericales
Roridula_gorgonias,Ericales,Eudicot,Ericales
Planchonella_obovata,Ericales,Eudicot,Ericales
Pouteria_ramiflora,Ericales,Eudicot,Ericales
Pouteria_torta,Ericales,Eudicot,Ericales
Sideroxylon_obtusifolium,Ericales,Eudicot,Ericales
Sarracenia_purpurea,Ericales,Eudicot,Ericales
Darlingtonia_californica,Ericales,Eudicot,Ericales
Styrax_obassis,Ericales,Eudicot,Ericales
Sinojackia_huangmeiensis,Ericales,Eudicot,Ericales
Symplocos_kawakamii,Ericales,Eudicot,Ericales
Symplocos_pergracilis,Ericales,Eudicot,Ericales
Camellia_oleifera,Ericales,Eudicot,Ericales
Camellia_azalea,Ericales,Eudicot,Ericales
Schima_wallichii,Ericales,Eudicot,Ericales
Inga_sierrae,Fabales,Eudicot,Fabales
Inga_densiflora,Fabales,Eudicot,Fabales
Inga_mortoniana,Fabales,Eudicot,Fabales
Inga_oerstediana,Fabales,Eudicot,Fabales
Inga_punctata,Fabales,Eudicot,Fabales
Inga_quaternata,Fabales,Eudicot,Fabales
Lathyrus_vernus,Fabales,Eudicot,Fabales
Prosopis_glandulosa_var._torreyana,Fabales,Eudicot,Fabales
Dillwynia_hispida,Fabales,Eudicot,Fabales
Pultenaea_densifolia,Fabales,Eudicot,Fabales
Swartzia_pickelii,Fabales,Eudicot,Fabales
Cytisus_scoparius,Fabales,Eudicot,Fabales
Anthyllis_vulneraria,Fabales,Eudicot,Fabales
Cytisus_striatus,Fabales,Eudicot,Fabales
Retama_sphaerocarpa,Fabales,Eudicot,Fabales
Ceratonia_siliqua,Fabales,Eudicot,Fabales
Geoffroea_decorticans,Fabales,Eudicot,Fabales
Eriosema_distinctum,Fabales,Eudicot,Fabales
Copaifera_langsdorffii,Fabales,Eudicot,Fabales
Genista_monspessulana,Fabales,Eudicot,Fabales
Senna_silvestris,Fabales,Eudicot,Fabales
Chamaecrista_lineata_var._keyensis,Fabales,Eudicot,Fabales
Caesalpinia_decapetala,Fabales,Eudicot,Fabales
Senna_didymobotrya,Fabales,Eudicot,Fabales
Vicia_nigricans,Fabales,Eudicot,Fabales
Senna_corymbosa,Fabales,Eudicot,Fabales
Vigna_caracalla,Fabales,Eudicot,Fabales
Lotus_corniculatus,Fabales,Eudicot,Fabales
Trifolium_repens,Fabales,Eudicot,Fabales
Dorycnium_hirsutum,Fabales,Eudicot,Fabales
Pseudopiptadenia_contorta,Fabales,Eudicot,Fabales
Pseudopiptadenia_leptostachya,Fabales,Eudicot,Fabales
Anagyris_foetida,Fabales,Eudicot,Fabales
Tephrosia_virginiana,Fabales,Eudicot,Fabales
Vicia_villosa,Fabales,Eudicot,Fabales
Colutea_arborescens_subsp._hispanica,Fabales,Eudicot,Fabales
Derris_ovalifolia,Fabales,Eudicot,Fabales
Hedysarum_scoparium,Fabales,Eudicot,Fabales
Eremosparton_songoricum,Fabales,Eudicot,Fabales
Senna_multijuga,Fabales,Eudicot,Fabales
Leucaena_leucocephala,Fabales,Eudicot,Fabales
Astragalus_exscapus,Fabales,Eudicot,Fabales
Ammopiptanthus_mongolicus,Fabales,Eudicot,Fabales
Hippocrepis_emerus_subsp._emerus,Fabales,Eudicot,Fabales
Trifolium_dasyphyllum,Fabales,Eudicot,Fabales
Trifolium_parryi,Fabales,Eudicot,Fabales
Adesmia_bijuga,Fabales,Eudicot,Fabales
Inga_edulis,Fabales,Eudicot,Fabales
Inga_stipularis,Fabales,Eudicot,Fabales
Acacia_dealbata,Fabales,Eudicot,Fabales
Acacia_longifolia,Fabales,Eudicot,Fabales
Acacia_melanoxylon,Fabales,Eudicot,Fabales
Acacia_saligna,Fabales,Eudicot,Fabales
Ammodendron_bifolium,Fabales,Eudicot,Fabales
Aeschynomene_amorphoides,Fabales,Eudicot,Fabales
Lupinus_arcticus,Fabales,Eudicot,Fabales
Sophora_microphylla,Fabales,Eudicot,Fabales
Caesalpinia_echinata,Fabales,Eudicot,Fabales
Bauhinia_curvula,Fabales,Eudicot,Fabales
Cologania_broussonetii,Fabales,Eudicot,Fabales
Dipteryx_alata,Fabales,Eudicot,Fabales
Chamaecrista_serpens,Fabales,Eudicot,Fabales
Chamaecrista_nictitans,Fabales,Eudicot,Fabales
Canavalia_brasiliensis,Fabales,Eudicot,Fabales
Caesalpinia_pyramidalis,Fabales,Eudicot,Fabales
Sophora_tomentosa,Fabales,Eudicot,Fabales
Crotalaria_vitellina,Fabales,Eudicot,Fabales
Gymnocladus_assamicus,Fabales,Eudicot,Fabales
Bauhinia_cheilantha,Fabales,Eudicot,Fabales
Parkinsonia_aculeata,Fabales,Eudicot,Fabales
Senna_martiana,Fabales,Eudicot,Fabales
Senna_spectabilis,Fabales,Eudicot,Fabales
Hedysarum_coronarium,Fabales,Eudicot,Fabales
Talbotiella_gentii,Fabales,Eudicot,Fabales
Bauhinia_forficata,Fabales,Eudicot,Fabales
Acacia_tortilis,Fabales,Eudicot,Fabales
Astragalus_scaphoides,Fabales,Eudicot,Fabales
Kummerowia_striata,Fabales,Eudicot,Fabales
Lespedeza_cuneata,Fabales,Eudicot,Fabales
Polygala_vayredae,Fabales,Eudicot,Fabales
Nerium_oleander,Gentianales,Eudicot,Gentianales
Asclepias_syriaca,Gentianales,Eudicot,Gentianales
Rauvolfia_grandiflora,Gentianales,Eudicot,Gentianales
Mandevilla_pentlandiana,Gentianales,Eudicot,Gentianales
Oxypetalum_appendiculatum,Gentianales,Eudicot,Gentianales
Oxypetalum_banksii,Gentianales,Eudicot,Gentianales
Oxypetalum_mexiae,Gentianales,Eudicot,Gentianales
Vincetoxicum_hirundinaria,Gentianales,Eudicot,Gentianales
Xysmalobium_undulatum,Gentianales,Eudicot,Gentianales
Ochrosia_nakaiana,Gentianales,Eudicot,Gentianales
Allamanda_blanchetii,Gentianales,Eudicot,Gentianales
Cynanchum_otophyllum,Gentianales,Eudicot,Gentianales
Asclepias_curassavica,Gentianales,Eudicot,Gentianales
Gomphocarpus_fruticosus,Gentianales,Eudicot,Gentianales
Gomphocarpus_physocarpus,Gentianales,Eudicot,Gentianales
Apocynum_venetum,Gentianales,Eudicot,Gentianales
Cryptostegia_madagascariensis,Gentianales,Eudicot,Gentianales
Gelsemium_sempervirens,Gentianales,Eudicot,Gentianales
Sabatia_angularis,Gentianales,Eudicot,Gentianales
Gentiana_cruciata,Gentianales,Eudicot,Gentianales
Gentianella_germanica,Gentianales,Eudicot,Gentianales
Chelonanthus_alatus,Gentianales,Eudicot,Gentianales
Chironia_krebsii,Gentianales,Eudicot,Gentianales
Swertia_przewalskii,Gentianales,Eudicot,Gentianales
Gentiana_straminea,Gentianales,Eudicot,Gentianales
Swertia_perennis,Gentianales,Eudicot,Gentianales
Sebaea_grandis,Gentianales,Eudicot,Gentianales
Centaurium_erythraea,Gentianales,Eudicot,Gentianales
Centaurium_littorale,Gentianales,Eudicot,Gentianales
Centaurium_pulchellum,Gentianales,Eudicot,Gentianales
Gentiana_stylophora,Gentianales,Eudicot,Gentianales
Gentiana_crassa_subsp._rigescens,Gentianales,Eudicot,Gentianales
Blackstonia_perfoliata,Gentianales,Eudicot,Gentianales
Geniostoma_fagraeoides,Gentianales,Eudicot,Gentianales
Manettia_luteorubra,Gentianales,Eudicot,Gentianales
Psychotria_suerrensis,Gentianales,Eudicot,Gentianales
Palicourea_macrobotrys,Gentianales,Eudicot,Gentianales
Psychotria_nuda,Gentianales,Eudicot,Gentianales
Oxyanthus_pyriformis,Gentianales,Eudicot,Gentianales
Psychotria_hoffmannseggiana,Gentianales,Eudicot,Gentianales
Sabicea_cinerea,Gentianales,Eudicot,Gentianales
Manettia_cordifolia,Gentianales,Eudicot,Gentianales
Psychotria_suterella,Gentianales,Eudicot,Gentianales
Paederia_foetida,Gentianales,Eudicot,Gentianales
Mitracarpus_longicalyx,Gentianales,Eudicot,Gentianales
Psychotria_tenuinervis,Gentianales,Eudicot,Gentianales
Luculia_pinceana,Gentianales,Eudicot,Gentianales
Ixora_pavetta,Gentianales,Eudicot,Gentianales
Tarenna_asiatica,Gentianales,Eudicot,Gentianales
Psychotria_longipedunculata,Gentianales,Eudicot,Gentianales
Gardenia_boninensis,Gentianales,Eudicot,Gentianales
Leptopetalum_grayi,Gentianales,Eudicot,Gentianales
Psychotria_homalosperma,Gentianales,Eudicot,Gentianales
Psychotria_carthagenensis,Gentianales,Eudicot,Gentianales
Palicourea_demissa,Gentianales,Eudicot,Gentianales
Duperrea_pavettifolia,Gentianales,Eudicot,Gentianales
Oldenlandia_pulcherrima,Gentianales,Eudicot,Gentianales
Pagamea_duckei,Gentianales,Eudicot,Gentianales
Bathysa_australis,Gentianales,Eudicot,Gentianales
Schizocalyx_cuspidatus,Gentianales,Eudicot,Gentianales
Psychotria_goyazensis,Gentianales,Eudicot,Gentianales
Richardia_grandiflora,Gentianales,Eudicot,Gentianales
Psychotria_poeppigiana,Gentianales,Eudicot,Gentianales
Margaritopsis_cymuligera,Gentianales,Eudicot,Gentianales
Psychotria_mapourioides,Gentianales,Eudicot,Gentianales
Psychotria_jasminoides,Gentianales,Eudicot,Gentianales
Chiococca_alba,Gentianales,Eudicot,Gentianales
Carapichea_ipecacuanha,Gentianales,Eudicot,Gentianales
Hillia_parasitica,Gentianales,Eudicot,Gentianales
Posoqueria_latifolia,Gentianales,Eudicot,Gentianales
Glionnetia_sericea,Gentianales,Eudicot,Gentianales
Manettia_mitis,Gentianales,Eudicot,Gentianales
Palicourea_rigida,Gentianales,Eudicot,Gentianales
Coprosma_spathulata,Gentianales,Eudicot,Gentianales
Ruellia_brevifolia,Lamiales,Eudicot,Lamiales
Ruellia_menthoides,Lamiales,Eudicot,Lamiales
Ruellia_subsessilis,Lamiales,Eudicot,Lamiales
Justicia_adhatoda,Lamiales,Eudicot,Lamiales
Thunbergia_alata,Lamiales,Eudicot,Lamiales
Lepidagathis_sessilifolia,Lamiales,Eudicot,Lamiales
Avicennia_schaueriana,Lamiales,Eudicot,Lamiales
Stenostephanus_lobeliiformis,Lamiales,Eudicot,Lamiales
Geissomeria_pubescens,Lamiales,Eudicot,Lamiales
Ruellia_nudiflora,Lamiales,Eudicot,Lamiales
Justicia_sebastianopolitanae,Lamiales,Eudicot,Lamiales
Odontonema_barberioides,Lamiales,Eudicot,Lamiales
Staurogyne_itatiaiae,Lamiales,Eudicot,Lamiales
Handroanthus_ochraceus,Lamiales,Eudicot,Lamiales
Tabebuia_aurea,Lamiales,Eudicot,Lamiales
Tecoma_stans,Lamiales,Eudicot,Lamiales
Cybistax_antisyphilitica,Lamiales,Eudicot,Lamiales
Incarvillea_sinensis,Lamiales,Eudicot,Lamiales
Catalpa_fargesii,Lamiales,Eudicot,Lamiales
Incarvillea_mairei,Lamiales,Eudicot,Lamiales
Handroanthus_serratifolius,Lamiales,Eudicot,Lamiales
Fridericia_dichotoma,Lamiales,Eudicot,Lamiales
Handroanthus_heptaphyllus,Lamiales,Eudicot,Lamiales
Tabebuia_nodosa,Lamiales,Eudicot,Lamiales
Handroanthus_impetiginosus,Lamiales,Eudicot,Lamiales
Zeyheria_montana,Lamiales,Eudicot,Lamiales
Jacaranda_copaia,Lamiales,Eudicot,Lamiales
Handroanthus_vellosoi,Lamiales,Eudicot,Lamiales
Handroanthus_chrysotrichus,Lamiales,Eudicot,Lamiales
Handroanthus_umbellatus,Lamiales,Eudicot,Lamiales
Fridericia_conjugata,Lamiales,Eudicot,Lamiales
Adenocalymma_bracteatum,Lamiales,Eudicot,Lamiales
Tabebuia_roseoalba,Lamiales,Eudicot,Lamiales
Anemopaegma_arvense,Lamiales,Eudicot,Lamiales
Anemopaegma_glaucum,Lamiales,Eudicot,Lamiales
Tecomella_undulata,Lamiales,Eudicot,Lamiales
Paraboea_rufescens,Lamiales,Eudicot,Lamiales
Primulina_gueilinensis,Lamiales,Eudicot,Lamiales
Primulina_lutea,Lamiales,Eudicot,Lamiales
Gesneria_citrina,Lamiales,Eudicot,Lamiales
Gesneria_cuneifolia,Lamiales,Eudicot,Lamiales
Gesneria_pedunculosa,Lamiales,Eudicot,Lamiales
Gesneria_viridiflora_subsp._quisqueyana,Lamiales,Eudicot,Lamiales
Gesneria_reticulata,Lamiales,Eudicot,Lamiales
Gesneria_viridiflora_subsp._sintenisii,Lamiales,Eudicot,Lamiales
Rhytidophyllum_asperum,Lamiales,Eudicot,Lamiales
Gesneria_leucomalla,Lamiales,Eudicot,Lamiales
Gesneria_vernicosa,Lamiales,Eudicot,Lamiales
Rhabdothamnus_solandri,Lamiales,Eudicot,Lamiales
Seemannia_sylvatica,Lamiales,Eudicot,Lamiales
Dayaoshania_cotinifolia,Lamiales,Eudicot,Lamiales
Primulina_repanda_var._guilinensis,Lamiales,Eudicot,Lamiales
Primulina_glandulosa_var._yangshuoensis,Lamiales,Eudicot,Lamiales
Besleria_melancholica,Lamiales,Eudicot,Lamiales
Besleria_longimucronata,Lamiales,Eudicot,Lamiales
Nematanthus_crassifolius,Lamiales,Eudicot,Lamiales
Nematanthus_lanceolatus,Lamiales,Eudicot,Lamiales
Sinningia_cooperi,Lamiales,Eudicot,Lamiales
Sinningia_gigantifolia,Lamiales,Eudicot,Lamiales
Paliavana_tenuiflora,Lamiales,Eudicot,Lamiales
Saintpaulia_confusa,Lamiales,Eudicot,Lamiales
Nepeta_cataria,Lamiales,Eudicot,Lamiales
Glechoma_hederacea,Lamiales,Eudicot,Lamiales
Dicerandra_frutescens,Lamiales,Eudicot,Lamiales
Rhaphiodon_echinus,Lamiales,Eudicot,Lamiales
Amasonia_campestris,Lamiales,Eudicot,Lamiales
Syncolostemon_densiflorus,Lamiales,Eudicot,Lamiales
Syncolostemon_macranthus,Lamiales,Eudicot,Lamiales
Syncolostemon_rotundifolius,Lamiales,Eudicot,Lamiales
Clinopodium_vulgare,Lamiales,Eudicot,Lamiales
Prunella_vulgaris,Lamiales,Eudicot,Lamiales
Ajuga_boninsimae,Lamiales,Eudicot,Lamiales
Callicarpa_glabra,Lamiales,Eudicot,Lamiales
Callicarpa_subpubescens,Lamiales,Eudicot,Lamiales
Scutellaria_longituba,Lamiales,Eudicot,Lamiales
Vitex_trifolia_subsp._litoralis,Lamiales,Eudicot,Lamiales
Clerodendrum_villosum,Lamiales,Eudicot,Lamiales
Thymbra_capitata,Lamiales,Eudicot,Lamiales
Dracocephalum_austriacum,Lamiales,Eudicot,Lamiales
Thymus_vulgaris,Lamiales,Eudicot,Lamiales
Salvia_sellowiana,Lamiales,Eudicot,Lamiales
Amasonia_obovata,Lamiales,Eudicot,Lamiales
Teucridium_parvifolium,Lamiales,Eudicot,Lamiales
Perilla_frutescens,Lamiales,Eudicot,Lamiales
Pinguicula_vallisneriifolia,Lamiales,Eudicot,Lamiales
Utricularia_reniformis,Lamiales,Eudicot,Lamiales
Jasminum_fruticans,Lamiales,Eudicot,Lamiales
Ligustrum_micranthum,Lamiales,Eudicot,Lamiales
Osmanthus_insularis,Lamiales,Eudicot,Lamiales
Ligustrum_obtusifolium,Lamiales,Eudicot,Lamiales
Melampyrum_arvense,Lamiales,Eudicot,Lamiales
Melampyrum_pratense,Lamiales,Eudicot,Lamiales
Agalinis_strictifolia,Lamiales,Eudicot,Lamiales
Cordylanthus_maritimus,Lamiales,Eudicot,Lamiales
Pedicularis_palustris,Lamiales,Eudicot,Lamiales
Euphrasia_willkommii,Lamiales,Eudicot,Lamiales
Agalinis_acuta,Lamiales,Eudicot,Lamiales
Castilleja_linariifolia,Lamiales,Eudicot,Lamiales
Pedicularis_monbeigiana,Lamiales,Eudicot,Lamiales
Pedicularis_longiflora,Lamiales,Eudicot,Lamiales
Pedicularis_siphonantha,Lamiales,Eudicot,Lamiales
Platypholis_boninsimae,Lamiales,Eudicot,Lamiales
Pedicularis_rex,Lamiales,Eudicot,Lamiales
Pedicularis_gruina,Lamiales,Eudicot,Lamiales
Rhinanthus_minor,Lamiales,Eudicot,Lamiales
Mimulus_guttatus,Lamiales,Eudicot,Lamiales
Mimulus_luteus,Lamiales,Eudicot,Lamiales
Veronica_cusickii,Lamiales,Eudicot,Lamiales
Collinsia_verna,Lamiales,Eudicot,Lamiales
Penstemon_haydenii,Lamiales,Eudicot,Lamiales
Penstemon_scariosus,Lamiales,Eudicot,Lamiales
Isoplexis_canariensis,Lamiales,Eudicot,Lamiales
Penstemon_pallidus,Lamiales,Eudicot,Lamiales
Penstemon_roseus,Lamiales,Eudicot,Lamiales
Acanthorrhinum_rivas-martinezii,Lamiales,Eudicot,Lamiales
Hebe_macrocarpa,Lamiales,Eudicot,Lamiales
Collinsia_parviflora,Lamiales,Eudicot,Lamiales
Collinsia_sparsiflora,Lamiales,Eudicot,Lamiales
Ixianthes_retzioides,Lamiales,Eudicot,Lamiales
Stachytarpheta_glabra,Lamiales,Eudicot,Lamiales
Lantana_camara,Lamiales,Eudicot,Lamiales
Eremophila_glabra,Lamiales,Eudicot,Lamiales
Verbascum_blattaria,Lamiales,Eudicot,Lamiales
Ameroglossum_pernambucense,Lamiales,Eudicot,Lamiales
Verbascum_thapsus,Lamiales,Eudicot,Lamiales
Kielmeyera_abdita,Malpighiales,Eudicot,Malpighiales
Kielmeyera_coriacea,Malpighiales,Eudicot,Malpighiales
Kielmeyera_speciosa,Malpighiales,Eudicot,Malpighiales
Kielmeyera_variabilis,Malpighiales,Eudicot,Malpighiales
Calophyllum_inophyllum,Malpighiales,Eudicot,Malpighiales
Caryocar_villosum,Malpighiales,Eudicot,Malpighiales
Couepia_uiti,Malpighiales,Eudicot,Malpighiales
Clusia_nemorosa,Malpighiales,Eudicot,Malpighiales
Garcinia_brasiliensis,Malpighiales,Eudicot,Malpighiales
Clusia_hilariana,Malpighiales,Eudicot,Malpighiales
Erythroxylum_havanense,Malpighiales,Eudicot,Malpighiales
Erythroxylum_campestre,Malpighiales,Eudicot,Malpighiales
Erythroxylum_suberosum,Malpighiales,Eudicot,Malpighiales
Erythroxylum_tortuosum,Malpighiales,Eudicot,Malpighiales
Croton_sarcopetalus,Malpighiales,Eudicot,Malpighiales
Jatropha_curcas,Malpighiales,Eudicot,Malpighiales
Euphorbia_baetica,Malpighiales,Eudicot,Malpighiales
Euphorbia_nicaeensis,Malpighiales,Eudicot,Malpighiales
Mallotus_apelta,Malpighiales,Eudicot,Malpighiales
Mallotus_japonicus,Malpighiales,Eudicot,Malpighiales
Jatropha_mutabilis,Malpighiales,Eudicot,Malpighiales
Jatropha_mollissima,Malpighiales,Eudicot,Malpighiales
Jatropha_ribifolia,Malpighiales,Eudicot,Malpighiales
Croton_sonderianus,Malpighiales,Eudicot,Malpighiales
Vismia_guianensis,Malpighiales,Eudicot,Malpighiales
Hypericum_cumulicola,Malpighiales,Eudicot,Malpighiales
Hypericum_maculatum,Malpighiales,Eudicot,Malpighiales
Linum_lewisii,Malpighiales,Eudicot,Malpighiales
Hugonia_serrata,Malpighiales,Eudicot,Malpighiales
Byrsonima_sericea,Malpighiales,Eudicot,Malpighiales
Alicia_anisopetala,Malpighiales,Eudicot,Malpighiales
Banisteriopsis_adenopoda,Malpighiales,Eudicot,Malpighiales
Banisteriopsis_muricata,Malpighiales,Eudicot,Malpighiales
Dicella_bracteosa,Malpighiales,Eudicot,Malpighiales
Mascagnia_cordifolia,Malpighiales,Eudicot,Malpighiales
Stigmaphyllon_lalandianum,Malpighiales,Eudicot,Malpighiales
Byrsonima_coccolobifolia,Malpighiales,Eudicot,Malpighiales
Byrsonima_microphylla,Malpighiales,Eudicot,Malpighiales
Heteropterys_alternifolia,Malpighiales,Eudicot,Malpighiales
Stigmaphyllon_paralias,Malpighiales,Eudicot,Malpighiales
Byrsonima_lucida,Malpighiales,Eudicot,Malpighiales
Byrsonima_gardneriana,Malpighiales,Eudicot,Malpighiales
Byrsonima_umbellata,Malpighiales,Eudicot,Malpighiales
Byrsonima_rotunda,Malpighiales,Eudicot,Malpighiales
Sauvagesia_erecta,Malpighiales,Eudicot,Malpighiales
Sauvagesia_sprengelii,Malpighiales,Eudicot,Malpighiales
Passiflora_miersii,Malpighiales,Eudicot,Malpighiales
Passiflora_suberosa,Malpighiales,Eudicot,Malpighiales
Passiflora_mooreana,Malpighiales,Eudicot,Malpighiales
Passiflora_mollissima,Malpighiales,Eudicot,Malpighiales
Passiflora_tricuspis,Malpighiales,Eudicot,Malpighiales
Passiflora_capsularis,Malpighiales,Eudicot,Malpighiales
Passiflora_pohlii,Malpighiales,Eudicot,Malpighiales
Bischofia_javanica,Malpighiales,Eudicot,Malpighiales
Bridelia_stipularis,Malpighiales,Eudicot,Malpighiales
Cleistanthus_sumatranus,Malpighiales,Eudicot,Malpighiales
Mourera_fluviatilis,Malpighiales,Eudicot,Malpighiales
Drypetes_integerrima,Malpighiales,Eudicot,Malpighiales
Salix_myrsinifolia,Malpighiales,Eudicot,Malpighiales
Salix_miyabeana,Malpighiales,Eudicot,Malpighiales
Salix_udensis,Malpighiales,Eudicot,Malpighiales
Salix_lantana,Malpighiales,Eudicot,Malpighiales
Salix_lapponum,Malpighiales,Eudicot,Malpighiales
Viola_praemorsa,Malpighiales,Eudicot,Malpighiales
Amphirrhox_longifolia,Malpighiales,Eudicot,Malpighiales
Paypayrola_blanchetiana,Malpighiales,Eudicot,Malpighiales
Melicytus_micranthus,Malpighiales,Eudicot,Malpighiales
Melicytus_novae-zelandiae,Malpighiales,Eudicot,Malpighiales
Combretum_leprosum,Myrtales,Eudicot,Myrtales
Combretum_monetaria,Myrtales,Eudicot,Myrtales
Conocarpus_erectus,Myrtales,Eudicot,Myrtales
Laguncularia_racemosa,Myrtales,Eudicot,Myrtales
Terminalia_pallida,Myrtales,Eudicot,Myrtales
Lythrum_salicaria,Myrtales,Eudicot,Myrtales
Diplusodon_hirsutus,Myrtales,Eudicot,Myrtales
Diplusodon_orbicularis,Myrtales,Eudicot,Myrtales
Cuphea_melvilla,Myrtales,Eudicot,Myrtales
Decodon_verticillatus,Myrtales,Eudicot,Myrtales
Rhynchanthera_dichotoma,Myrtales,Eudicot,Myrtales
Miconia_ciliata,Myrtales,Eudicot,Myrtales
Rhexia_virginica,Myrtales,Eudicot,Myrtales
Leandra_regnellii,Myrtales,Eudicot,Myrtales
Leandra_variabilis,Myrtales,Eudicot,Myrtales
Miconia_latecrenata,Myrtales,Eudicot,Myrtales
Miconia_pusilliflora,Myrtales,Eudicot,Myrtales
Tibouchina_cerastifolia,Myrtales,Eudicot,Myrtales
Tibouchina_sellowiana,Myrtales,Eudicot,Myrtales
Tibouchina_semidecandra,Myrtales,Eudicot,Myrtales
Melastoma_malabathricum,Myrtales,Eudicot,Myrtales
Memecylon_umbellatum,Myrtales,Eudicot,Myrtales
Melastoma_tetramerum,Myrtales,Eudicot,Myrtales
Tibouchina_pulchra,Myrtales,Eudicot,Myrtales
Cambessedesia_espora,Myrtales,Eudicot,Myrtales
Cambessedesia_regnelliana,Myrtales,Eudicot,Myrtales
Lavoisiera_imbricata,Myrtales,Eudicot,Myrtales
Macairea_radula,Myrtales,Eudicot,Myrtales
Miconia_ferruginata,Myrtales,Eudicot,Myrtales
Microlicia_fasciculata,Myrtales,Eudicot,Myrtales
Microlicia_inquinans,Myrtales,Eudicot,Myrtales
Microlicia_viminalis,Myrtales,Eudicot,Myrtales
Rhynchanthera_grandiflora,Myrtales,Eudicot,Myrtales
Svitramia_hatschbachii,Myrtales,Eudicot,Myrtales
Svitramia_minor,Myrtales,Eudicot,Myrtales
Svitramia_spp.,Myrtales,Eudicot,Myrtales
Tibouchina_aegopogon,Myrtales,Eudicot,Myrtales
Tibouchina_frigidula,Myrtales,Eudicot,Myrtales
Tibouchina_heteromalla,Myrtales,Eudicot,Myrtales
Tibouchina_papyrus,Myrtales,Eudicot,Myrtales
Tibouchina_stenocarpa,Myrtales,Eudicot,Myrtales
Tibouchina_villosissima,Myrtales,Eudicot,Myrtales
Trembleya_neopyrenaica,Myrtales,Eudicot,Myrtales
Trembleya_parviflora,Myrtales,Eudicot,Myrtales
Melastoma_sanguineum,Myrtales,Eudicot,Myrtales
Melastoma_intermedium,Myrtales,Eudicot,Myrtales
Cambessedesia_hilariana,Myrtales,Eudicot,Myrtales
Comolia_microphylla,Myrtales,Eudicot,Myrtales
Macairea_parvifolia,Myrtales,Eudicot,Myrtales
Marcetia_taxifolia,Myrtales,Eudicot,Myrtales
Meriania_sclerophylla,Myrtales,Eudicot,Myrtales
Miconia_alata,Myrtales,Eudicot,Myrtales
Tibouchina_fraterna,Myrtales,Eudicot,Myrtales
Tococa_guianensis,Myrtales,Eudicot,Myrtales
Tococa_nitens,Myrtales,Eudicot,Myrtales
Miconia_angelana,Myrtales,Eudicot,Myrtales
Eucalyptus_globulus,Myrtales,Eudicot,Myrtales
Myrcia_splendens,Myrtales,Eudicot,Myrtales
Myrcia_tomentosa,Myrtales,Eudicot,Myrtales
Eugenia_roxburghii,Myrtales,Eudicot,Myrtales
Psidium_cattleianum,Myrtales,Eudicot,Myrtales
Metrosideros_excelsa,Myrtales,Eudicot,Myrtales
Eugenia_uniflora,Myrtales,Eudicot,Myrtales
Eugenia_selloi,Myrtales,Eudicot,Myrtales
Eugenia_punicifolia,Myrtales,Eudicot,Myrtales
Syzygium_rotundifolium,Myrtales,Eudicot,Myrtales
Oenothera_macrocarpa,Myrtales,Eudicot,Myrtales
Oenothera_biennis,Myrtales,Eudicot,Myrtales
Fuchsia_excorticata,Myrtales,Eudicot,Myrtales
Oenothera_cespitosa,Myrtales,Eudicot,Myrtales
Clarkia_xantiana,Myrtales,Eudicot,Myrtales
Clarkia_pulchella,Myrtales,Eudicot,Myrtales
Camissoniopsis_cheiranthifolia,Myrtales,Eudicot,Myrtales
Clarkia_xantiana_subsp._parviflora,Myrtales,Eudicot,Myrtales
Vochysia_cinnamomea,Myrtales,Eudicot,Myrtales
Lomatium_salmoniflorum,Apiales,Eudicot,Other
Eryngium_cuneifolium,Apiales,Eudicot,Other
Aciphylla_squarrosa,Apiales,Eudicot,Other
Carum_carvi,Apiales,Eudicot,Other
Pimpinella_saxifraga,Apiales,Eudicot,Other
Chaerophyllum_bulbosum,Apiales,Eudicot,Other
Torilis_arvensis,Apiales,Eudicot,Other
Fatsia_oligocarpella,Apiales,Eudicot,Other
Schefflera_heptaphylla,Apiales,Eudicot,Other
Raukaua_anomalus,Apiales,Eudicot,Other
Pittosporum_boninense,Apiales,Eudicot,Other
Ilex_mertensii,Aquifoliales,Eudicot,Other
Ilex_crenata,Aquifoliales,Eudicot,Other
Ilex_pedunculosa,Aquifoliales,Eudicot,Other
Ilex_serrata,Aquifoliales,Eudicot,Other
Echium_vulgare,Boraginales,Eudicot,Other
Cordia_multispicata,Boraginales,Eudicot,Other
Nemophila_menziesii,Boraginales,Eudicot,Other
Mertensia_fusiformis,Boraginales,Eudicot,Other
Cordia_lutea,Boraginales,Eudicot,Other
Hydrophyllum_fendleri,Boraginales,Eudicot,Other
Echium_wildpretii,Boraginales,Eudicot,Other
Arnebia_szechenyi,Boraginales,Eudicot,Other
Cardamine_angustata,Brassicales,Eudicot,Other
Raphanus_raphanistrum_subsp._sativus,Brassicales,Eudicot,Other
Alliaria_petiolata,Brassicales,Eudicot,Other
Raphanus_raphanistrum,Brassicales,Eudicot,Other
Cochlearia_bavarica,Brassicales,Eudicot,Other
Lepidium_papilliferum,Brassicales,Eudicot,Other
Braya_fernaldii,Brassicales,Eudicot,Other
Braya_longii,Brassicales,Eudicot,Other
Orychophragmus_violaceus,Brassicales,Eudicot,Other
Barbarea_vulgaris,Brassicales,Eudicot,Other
Erysimum_capitatum,Brassicales,Eudicot,Other
Arabidopsis_lyrata_subsp._petraea,Brassicales,Eudicot,Other
Erysimum_popovii,Brassicales,Eudicot,Other
Parrya_nudicaulis,Brassicales,Eudicot,Other
Physaria_obcordata,Brassicales,Eudicot,Other
Hesperidanthus_suffrutescens,Brassicales,Eudicot,Other
Capparis_spinosa,Brassicales,Eudicot,Other
Capparis_brevispina,Brassicales,Eudicot,Other
Capparis_zeylanica,Brassicales,Eudicot,Other
Capparis_jacobinae,Brassicales,Eudicot,Other
Jacaratia_spinosa,Brassicales,Eudicot,Other
Peritoma_arborea,Brassicales,Eudicot,Other
Cleome_spinosa,Brassicales,Eudicot,Other
Limnanthes_douglasii_subsp._rosea,Brassicales,Eudicot,Other
Audouinia_capitata,Bruniales,Eudicot,Other
Parnassia_palustris,Celastrales,Eudicot,Other
Euonymus_chloranthoides,Celastrales,Eudicot,Other
Parnassia_epunctulata,Celastrales,Eudicot,Other
Maytenus_rigida,Celastrales,Eudicot,Other
Euonymus_alatus,Celastrales,Eudicot,Other
Davidia_involucrata,Cornales,Eudicot,Other
Cornus_kousa_subsp._kousa,Cornales,Eudicot,Other
Stachyurus_macrocarpus,Crossosomatales,Eudicot,Other
Stachyurus_praecox,Crossosomatales,Eudicot,Other
Staphylea_trifolia,Crossosomatales,Eudicot,Other
Begonia_involucrata,Cucurbitales,Eudicot,Other
Begonia_tonduzii,Cucurbitales,Eudicot,Other
Begonia_urophylla,Cucurbitales,Eudicot,Other
Begonia_fimbristipula,Cucurbitales,Eudicot,Other
Coriaria_arborea,Cucurbitales,Eudicot,Other
Cucurbita_foetidissima,Cucurbitales,Eudicot,Other
Momordica_charantia,Cucurbitales,Eudicot,Other
Davilla_kunthii,Dilleniales,Eudicot,Other
Viburnum_macrocephalum,Dipsacales,Eudicot,Other
Lonicera_japonica,Dipsacales,Eudicot,Other
Lonicera_flava,Dipsacales,Eudicot,Other
Lonicera_maackii,Dipsacales,Eudicot,Other
Heptacodium_miconioides,Dipsacales,Eudicot,Other
Escallonia_myrtoidea,Escalloniales,Eudicot,Other
Betula_apoiensis,Fagales,Eudicot,Other
Quercus_ilex,Fagales,Eudicot,Other
Quercus_lobata,Fagales,Eudicot,Other
Carya_ovata,Fagales,Eudicot,Other
Carya_alba,Fagales,Eudicot,Other
Juglans_mandshurica,Fagales,Eudicot,Other
Aucuba_japonica,Garryales,Eudicot,Other
Geranium_maculatum,Geraniales,Eudicot,Other
Erodium_glandulosum_subsp._paularense,Geraniales,Eudicot,Other
Geranium_sylvaticum,Geraniales,Eudicot,Other
Geranium_molle,Geraniales,Eudicot,Other
Cochlospermum_orinocense,Malvales,Eudicot,Other
Cochlospermum_regium,Malvales,Eudicot,Other
Cistus_monspeliensis,Malvales,Eudicot,Other
Cistus_salviifolius,Malvales,Eudicot,Other
Helianthemum_squamatum,Malvales,Eudicot,Other
Fumana_juniperina,Malvales,Eudicot,Other
Helianthemum_soongaricum,Malvales,Eudicot,Other
Fumana_thymifolia,Malvales,Eudicot,Other
Cistus_ladanifer,Malvales,Eudicot,Other
Halimium_halimifolium,Malvales,Eudicot,Other
Dipterocarpus_oblongifolius,Malvales,Eudicot,Other
Shorea_acuminata,Malvales,Eudicot,Other
Shorea_hemsleyana,Malvales,Eudicot,Other
Shorea_lepidota,Malvales,Eudicot,Other
Shorea_leprosula,Malvales,Eudicot,Other
Shorea_macroptera,Malvales,Eudicot,Other
Shorea_ovalis,Malvales,Eudicot,Other
Pentacme_siamensis,Malvales,Eudicot,Other
Sidalcea_malviflora_subsp._elegans,Malvales,Eudicot,Other
Sidalcea_malviflora,Malvales,Eudicot,Other
Durio_grandiflorus,Malvales,Eudicot,Other
Durio_kutejensis,Malvales,Eudicot,Other
Pseudobombax_munguba,Malvales,Eudicot,Other
Talipariti_glabrum,Malvales,Eudicot,Other
Hibiscus_tiliaceus,Malvales,Eudicot,Other
Craigia_yunnanensis,Malvales,Eudicot,Other
Sidalcea_oregana,Malvales,Eudicot,Other
Abutilon_bedfordianum,Malvales,Eudicot,Other
Dombeya_acutangula,Malvales,Eudicot,Other
Daphne_jezoensis,Malvales,Eudicot,Other
Gnidia_glauca,Malvales,Eudicot,Other
Daphne_laureola,Malvales,Eudicot,Other
Pimelea_villosa_subsp._arenaria,Malvales,Eudicot,Other
Aquilaria_crassna,Malvales,Eudicot,Other
Wikstroemia_pseudoretusa,Malvales,Eudicot,Other
Daphne_gnidium,Malvales,Eudicot,Other
Daphne_rodriguezii,Malvales,Eudicot,Other
Rourea_induta,Oxalidales,Eudicot,Other
Elaeocarpus_photiniifolia,Oxalidales,Eudicot,Other
Crinodendron_patagua,Oxalidales,Eudicot,Other
Oxalis_squamata,Oxalidales,Eudicot,Other
Oxalis_corniculata,Oxalidales,Eudicot,Other
Oxalis_amblyosepala,Oxalidales,Eudicot,Other
Oxalis_comptonii,Oxalidales,Eudicot,Other
Oxalis_giftbergensis,Oxalidales,Eudicot,Other
Oxalis_natans,Oxalidales,Eudicot,Other
Oxalis_oculifera,Oxalidales,Eudicot,Other
Oxalis_oreophila,Oxalidales,Eudicot,Other
Oxalis_glabra,Oxalidales,Eudicot,Other
Oxalis_pes-caprae,Oxalidales,Eudicot,Other
Oxalis_purpurea,Oxalidales,Eudicot,Other
Oxalis_tenuifolia,Oxalidales,Eudicot,Other
Oxalis_eckloniana,Oxalidales,Eudicot,Other
Oxalis_nidulans,Oxalidales,Eudicot,Other
Banksia_spinulosa,Proteales,Eudicot,Other
Banksia_ericifolia,Proteales,Eudicot,Other
Banksia_paludosa,Proteales,Eudicot,Other
Telopea_speciosissima,Proteales,Eudicot,Other
Persoonia_mollis,Proteales,Eudicot,Other
Grevillea_barklyana,Proteales,Eudicot,Other
Banksia_aemula,Proteales,Eudicot,Other
Persoonia_rigida,Proteales,Eudicot,Other
Protea_roupelliae,Proteales,Eudicot,Other
Persoonia_glaucescens,Proteales,Eudicot,Other
Persoonia_lanceolata,Proteales,Eudicot,Other
Embothrium_coccineum,Proteales,Eudicot,Other
Grevillea_repens,Proteales,Eudicot,Other
Leucospermum_conocarpodendron,Proteales,Eudicot,Other
Telopea_mongaensis,Proteales,Eudicot,Other
Knightia_excelsa,Proteales,Eudicot,Other
Protea_caffra,Proteales,Eudicot,Other
Protea_simplex,Proteales,Eudicot,Other
Protea_welwitschii,Proteales,Eudicot,Other
Protea_compacta,Proteales,Eudicot,Other
Protea_laurifolia,Proteales,Eudicot,Other
Protea_longifolia,Proteales,Eudicot,Other
Protea_magnifica,Proteales,Eudicot,Other
Protea_punctata,Proteales,Eudicot,Other
Protea_repens,Proteales,Eudicot,Other
Grevillea_sphacelata,Proteales,Eudicot,Other
Podophyllum_peltatum,Ranunculales,Eudicot,Other
Berberis_darwinii,Ranunculales,Eudicot,Other
Sinopodophyllum_hexandrum,Ranunculales,Eudicot,Other
Dysosma_pleiantha,Ranunculales,Eudicot,Other
Epimedium_franchetii,Ranunculales,Eudicot,Other
Epimedium_sutchuenense,Ranunculales,Eudicot,Other
Epimedium_mikinorii,Ranunculales,Eudicot,Other
Epimedium_leptorrhizum,Ranunculales,Eudicot,Other
Sanguinaria_canadensis,Ranunculales,Eudicot,Other
Corydalis_ambigua,Ranunculales,Eudicot,Other
Glaucium_flavum,Ranunculales,Eudicot,Other
Corydalis_lineariloba,Ranunculales,Eudicot,Other
Hepatica_nobilis_var._obtusa,Ranunculales,Eudicot,Other
Anemonella_thalictroides,Ranunculales,Eudicot,Other
Anemone_pulsatilla,Ranunculales,Eudicot,Other
Adonis_ramosa,Ranunculales,Eudicot,Other
Anemone_hepatica_var._acuta,Ranunculales,Eudicot,Other
Thalictrum_pubescens,Ranunculales,Eudicot,Other
Cimicifuga_nanchuanensis,Ranunculales,Eudicot,Other
Ranunculus_acris,Ranunculales,Eudicot,Other
Aquilegia_canadensis,Ranunculales,Eudicot,Other
Clematis_socialis,Ranunculales,Eudicot,Other
Helleborus_foetidus,Ranunculales,Eudicot,Other
Aconitum_gymnandrum,Ranunculales,Eudicot,Other
Anemone_obtusiloba,Ranunculales,Eudicot,Other
Anemone_rivularis,Ranunculales,Eudicot,Other
Trollius_ranunculoides,Ranunculales,Eudicot,Other
Aconitum_napellus,Ranunculales,Eudicot,Other
Clematis_boninensis,Ranunculales,Eudicot,Other
Ranunculus_weyleri,Ranunculales,Eudicot,Other
Aconitum_kusnezoffii,Ranunculales,Eudicot,Other
Coptis_teeta,Ranunculales,Eudicot,Other
Anemone_occidentalis,Ranunculales,Eudicot,Other
Caltha_leptosepala,Ranunculales,Eudicot,Other
Delphinium_caeruleum,Ranunculales,Eudicot,Other
Delphinium_menziesii,Ranunculales,Eudicot,Other
Celtis_iguanaea,Rosales,Eudicot,Other
Celtis_africana,Rosales,Eudicot,Other
Elaeagnus_rotundata,Rosales,Eudicot,Other
Elaeagnus_mollis,Rosales,Eudicot,Other
Discaria_americana,Rosales,Eudicot,Other
Ziziphus_joazeiro,Rosales,Eudicot,Other
Rhamnus_lycioides_subsp._oleoides,Rosales,Eudicot,Other
Ziziphus_mistol,Rosales,Eudicot,Other
Pomaderris_hamiltonii,Rosales,Eudicot,Other
Rubus_chamaemorus,Rosales,Eudicot,Other
Potentilla_anserina,Rosales,Eudicot,Other
Amelanchier_arborea,Rosales,Eudicot,Other
Comarum_palustre,Rosales,Eudicot,Other
Prunus_mahaleb,Rosales,Eudicot,Other
Sorbus_aucuparia,Rosales,Eudicot,Other
Sorbus_torminalis,Rosales,Eudicot,Other
Dryas_octopetala,Rosales,Eudicot,Other
Crataegus_monogyna,Rosales,Eudicot,Other
Geum_rivale,Rosales,Eudicot,Other
Potentilla_erecta,Rosales,Eudicot,Other
Malus_sieversii,Rosales,Eudicot,Other
Potentilla_recta,Rosales,Eudicot,Other
Potentilla_simplex,Rosales,Eudicot,Other
Potentilla_simulatrix,Rosales,Eudicot,Other
Potentilla_pulcherrima,Rosales,Eudicot,Other
Prunus_armeniaca,Rosales,Eudicot,Other
Osteomeles_schwerinae,Rosales,Eudicot,Other
Photinia_wrightiana,Rosales,Eudicot,Other
Rhaphiolepis_indica_var._umbellata,Rosales,Eudicot,Other
Potentilla_tanacetifolia,Rosales,Eudicot,Other
Eriobotrya_japonica,Rosales,Eudicot,Other
Prunus_mongolica,Rosales,Eudicot,Other
Prunus_virginiana,Rosales,Eudicot,Other
Santalum_boninense,Santalales,Eudicot,Other
Ligaria_cuneifolia,Santalales,Eudicot,Other
Peraxilla_colensoi,Santalales,Eudicot,Other
Peraxilla_tetrapetala,Santalales,Eudicot,Other
Tristerix_corymbosus,Santalales,Eudicot,Other
Agelanthus_brunneus,Santalales,Eudicot,Other
Agelanthus_djurensis,Santalales,Eudicot,Other
Globimetula_braunii,Santalales,Eudicot,Other
Psittacanthus_robustus,Santalales,Eudicot,Other
Psittacanthus_calyculatus,Santalales,Eudicot,Other
Schinus_terebinthifolia,Sapindales,Eudicot,Other
Spondias_tuberosa,Sapindales,Eudicot,Other
Cabralea_canjerana,Sapindales,Eudicot,Other
Walsura_temrifolia,Sapindales,Eudicot,Other
Azadirachta_indica,Sapindales,Eudicot,Other
Nitraria_roborowskii,Sapindales,Eudicot,Other
Nitraria_sibirica,Sapindales,Eudicot,Other
Nitraria_sphaerocarpa,Sapindales,Eudicot,Other
Nitraria_tangutorum,Sapindales,Eudicot,Other
Phellodendron_amurense,Sapindales,Eudicot,Other
Hortia_brasiliana,Sapindales,Eudicot,Other
Metrodorea_nigra,Sapindales,Eudicot,Other
Metrodorea_stipularis,Sapindales,Eudicot,Other
Glycosmis_pentaphylla,Sapindales,Eudicot,Other
Melicope_nishimurae,Sapindales,Eudicot,Other
Melicope_quadrilocularis,Sapindales,Eudicot,Other
Zanthoxylum_beecheyanum,Sapindales,Eudicot,Other
Aegle_marmelos,Sapindales,Eudicot,Other
Psilopeganum_sinense,Sapindales,Eudicot,Other
Galipea_jasminiflora,Sapindales,Eudicot,Other
Melicope_simplex,Sapindales,Eudicot,Other
Lepisanthes_tetraphylla,Sapindales,Eudicot,Other
Dodonaea_viscosa_subsp._angustifolia,Sapindales,Eudicot,Other
Handeliodendron_bodinieri,Sapindales,Eudicot,Other
Echeveria_gibbiflora,Saxifragales,Eudicot,Other
Hylotelephium_spectabile,Saxifragales,Eudicot,Other
Rhodiola_fastigiata,Saxifragales,Eudicot,Other
Bryophyllum_pinnatum,Saxifragales,Eudicot,Other
Ribes_magellanicum,Saxifragales,Eudicot,Other
Hamamelis_virginiana,Saxifragales,Eudicot,Other
Disanthus_cercidifolius_subsp._longipes,Saxifragales,Eudicot,Other
Disanthus_cercidifolius,Saxifragales,Eudicot,Other
Distylium_lepidotum,Saxifragales,Eudicot,Other
Paeonia_jishanensis,Saxifragales,Eudicot,Other
Paeonia_lactiflora,Saxifragales,Eudicot,Other
Paeonia_officinalis,Saxifragales,Eudicot,Other
Paeonia_delavayi,Saxifragales,Eudicot,Other
Tiarella_cordifolia,Saxifragales,Eudicot,Other
Saxifraga_stellaris,Saxifragales,Eudicot,Other
Saxifraga_hirculus,Saxifragales,Eudicot,Other
Ipomoea_wolcottiana,Solanales,Eudicot,Other
Jacquemontia_multiflora,Solanales,Eudicot,Other
Calystegia_collina,Solanales,Eudicot,Other
Ipomoea_purpurea,Solanales,Eudicot,Other
Ipomoea_asarifolia,Solanales,Eudicot,Other
Merremia_macrocalyx,Solanales,Eudicot,Other
Convolvulus_arvensis,Solanales,Eudicot,Other
Calystegia_sepium,Solanales,Eudicot,Other
Ipomoea_bahiensis,Solanales,Eudicot,Other
Ipomoea_eriocalyx,Solanales,Eudicot,Other
Aspalathus_cymbriformis,Fabales,Eudicot,Fabales
Aspalathus_uniflora,Fabales,Eudicot,Fabales
Thereianthus_spicatus,Asparagales,Monocot,Asparagales
Convolvulus_chilensis,Solanales,Eudicot,Other
Convolvulus_nodiflorus,Solanales,Eudicot,Other
Convolvulus_lineatus,Solanales,Eudicot,Other
Physalis_longifolia,Solanales,Eudicot,Other
Solanum_carolinense,Solanales,Eudicot,Other
Lycium_cestroides,Solanales,Eudicot,Other
Calibrachoa_elegans,Solanales,Eudicot,Other
Anisodus_tanguticus,Solanales,Eudicot,Other
Nierembergia_linariifolia,Solanales,Eudicot,Other
Witheringia_solanacea,Solanales,Eudicot,Other
Solanum_torvum,Solanales,Eudicot,Other
Anisodus_carniolicoides,Solanales,Eudicot,Other
Anisodus_luridus,Solanales,Eudicot,Other
Solanum_americanum,Solanales,Eudicot,Other
Solanum_peruvianum,Solanales,Eudicot,Other
Mandragora_caulescens,Solanales,Eudicot,Other
Hyoscyamus_niger,Solanales,Eudicot,Other
Datura_ferox,Solanales,Eudicot,Other
Solanum_melongena,Solanales,Eudicot,Other
Solanum_rostratum,Solanales,Eudicot,Other
Nicotiana_alata,Solanales,Eudicot,Other
Bulnesia_retamo,Zygophyllales,Eudicot,Other
Kallstroemia_grandiflora,Zygophyllales,Eudicot,Other
Zygophyllum_xanthoxylum,Zygophyllales,Eudicot,Other
Calycanthus_chinensis,Laurales,Magnoliids,Other
Lindera_benzoin,Laurales,Magnoliids,Other
Machilus_boninensis,Laurales,Magnoliids,Other
Machilus_kobu,Laurales,Magnoliids,Other
Neolitsea_aurata,Laurales,Magnoliids,Other
Asimina_obovata,Magnoliales,Magnoliids,Other
Asimina_pygmaea,Magnoliales,Magnoliids,Other
Uvaria_monticola,Magnoliales,Magnoliids,Other
Xylopia_championii,Magnoliales,Magnoliids,Other
Annona_crassiflora,Magnoliales,Magnoliids,Other
Annona_coriacea,Magnoliales,Magnoliids,Other
Magnolia_obovata,Magnoliales,Magnoliids,Other
Magnolia_stellata,Magnoliales,Magnoliids,Other
Magnolia_sieboldii,Magnoliales,Magnoliids,Other
Magnolia_coriacea,Magnoliales,Magnoliids,Other
Magnolia_grandis,Magnoliales,Magnoliids,Other
Magnolia_hookeri,Magnoliales,Magnoliids,Other
Magnolia_officinalis_var._biloba,Magnoliales,Magnoliids,Other
Magnolia_sumatrana_var._glauca,Magnoliales,Magnoliids,Other
Magnolia_kwangsiensis,Magnoliales,Magnoliids,Other
Myristica_dactyloides,Magnoliales,Magnoliids,Other
Aristolochia_baetica,Piperales,Magnoliids,Other
Asarum_sieboldii,Piperales,Magnoliids,Other
Aristolochia_paucinervis,Piperales,Magnoliids,Other
Macropiper_excelsum,Piperales,Magnoliids,Other
Narcissus_hispanicus,Asparagales,Monocot,Asparagales
Cyrtanthus_guthrieae,Asparagales,Monocot,Asparagales
Cyrtanthus_ventricosus,Asparagales,Monocot,Asparagales
Haemanthus_sanguineus,Asparagales,Monocot,Asparagales
Nerine_sarniensis,Asparagales,Monocot,Asparagales
Brunsvigia_bosmaniae,Asparagales,Monocot,Asparagales
Narcissus_assoanus,Asparagales,Monocot,Asparagales
Pancratium_maritimum,Asparagales,Monocot,Asparagales
Brunsvigia_undulata,Asparagales,Monocot,Asparagales
Brunsvigia_radulosa,Asparagales,Monocot,Asparagales
Narcissus_triandrus,Asparagales,Monocot,Asparagales
Rhodophiala_rhodolirion,Asparagales,Monocot,Asparagales
Cyrtanthus_breviflorus,Asparagales,Monocot,Asparagales
Brunsvigia_litoralis,Asparagales,Monocot,Asparagales
Narcissus_serotinus,Asparagales,Monocot,Asparagales
Narcissus_cyclamineus,Asparagales,Monocot,Asparagales
Clivia_gardenii,Asparagales,Monocot,Asparagales
Clivia_miniata,Asparagales,Monocot,Asparagales
Allium_acuminatum,Asparagales,Monocot,Asparagales
Maianthemum_canadense,Asparagales,Monocot,Asparagales
Agave_mckelveyana,Asparagales,Monocot,Asparagales
Yucca_elata,Asparagales,Monocot,Asparagales
Scilla_hyacinthoides,Asparagales,Monocot,Asparagales
Drimia_maritima,Asparagales,Monocot,Asparagales
Ruscus_aculeatus,Asparagales,Monocot,Asparagales
Ornithogalum_thyrsoides,Asparagales,Monocot,Asparagales
Maianthemum_dilatatum,Asparagales,Monocot,Asparagales
Maianthemum_bifolium,Asparagales,Monocot,Asparagales
Maianthemum_stellatum,Asparagales,Monocot,Asparagales
Maianthemum_trifolium,Asparagales,Monocot,Asparagales
Dracaena_fragrans,Asparagales,Monocot,Asparagales
Sansevieria_nilotica,Asparagales,Monocot,Asparagales
Albuca_setosa,Asparagales,Monocot,Asparagales
Camassia_leichtlinii,Asparagales,Monocot,Asparagales
Camassia_quamash,Asparagales,Monocot,Asparagales
Triteleia_hyacinthina,Asparagales,Monocot,Asparagales
Blandfordia_nobilis,Asparagales,Monocot,Asparagales
Blandfordia_grandiflora,Asparagales,Monocot,Asparagales
Iris_cristata,Asparagales,Monocot,Asparagales
Iris_versicolor,Asparagales,Monocot,Asparagales
Crocus_vernus,Asparagales,Monocot,Asparagales
Iris_tenax,Asparagales,Monocot,Asparagales
Gladiolus_longicollis,Asparagales,Monocot,Asparagales
Gladiolus_liliaceus,Asparagales,Monocot,Asparagales
Aristea_torulosa,Asparagales,Monocot,Asparagales
Watsonia_lepida,Asparagales,Monocot,Asparagales
Dierama_luteoalbidum,Asparagales,Monocot,Asparagales
Dierama_dracomontanum,Asparagales,Monocot,Asparagales
Tritonia_disticha,Asparagales,Monocot,Asparagales
Cypella_herbertii,Asparagales,Monocot,Asparagales
Sisyrinchium_campestre,Asparagales,Monocot,Asparagales
Crocus_spp.,Asparagales,Monocot,Asparagales
Iris_ensata,Asparagales,Monocot,Asparagales
Crocosmia_x_crocosmiiflora,Asparagales,Monocot,Asparagales
Iris_tectorum,Asparagales,Monocot,Asparagales
Tritoniopsis_revoluta,Asparagales,Monocot,Asparagales
Babiana_avicularis,Asparagales,Monocot,Asparagales
Babiana_hirsuta,Asparagales,Monocot,Asparagales
Babiana_ringens,Asparagales,Monocot,Asparagales
Iris_atropurpurea,Asparagales,Monocot,Asparagales
Iris_speculatrix,Asparagales,Monocot,Asparagales
Iris_haynei,Asparagales,Monocot,Asparagales
Iris_tuberosa,Asparagales,Monocot,Asparagales
Iris_fulva,Asparagales,Monocot,Asparagales
Aplectrum_hyemale,Asparagales,Monocot,Asparagales
Myrmecophila_tibicinis,Asparagales,Monocot,Asparagales
Ionopsis_utricularioides,Asparagales,Monocot,Asparagales
Oeceoclades_maculata,Asparagales,Monocot,Asparagales
Tipularia_discolor,Asparagales,Monocot,Asparagales
Epidendrum_ciliare,Asparagales,Monocot,Asparagales
Cyclopogon_cranichoides,Asparagales,Monocot,Asparagales
Cypripedium_acaule,Asparagales,Monocot,Asparagales
Platanthera_ciliaris,Asparagales,Monocot,Asparagales
Myrosmodes_cochleare,Asparagales,Monocot,Asparagales
Disa_uniflora,Asparagales,Monocot,Asparagales
Tolumnia_variegata,Asparagales,Monocot,Asparagales
Disa_tenuifolia,Asparagales,Monocot,Asparagales
Disa_atricapilla,Asparagales,Monocot,Asparagales
Calypso_bulbosa,Asparagales,Monocot,Asparagales
Disa_bivalvata,Asparagales,Monocot,Asparagales
Disa_fasciata,Asparagales,Monocot,Asparagales
Disa_racemosa,Asparagales,Monocot,Asparagales
Disa_tenella,Asparagales,Monocot,Asparagales
Disa_draconis,Asparagales,Monocot,Asparagales
Satyrium_bicorne,Asparagales,Monocot,Asparagales
Satyrium_coriifolium,Asparagales,Monocot,Asparagales
Satyrium_erectum,Asparagales,Monocot,Asparagales
Orchis_mascula,Asparagales,Monocot,Asparagales
Disa_pulchra,Asparagales,Monocot,Asparagales
Dactylorhiza_incarnata,Asparagales,Monocot,Asparagales
Platanthera_bifolia,Asparagales,Monocot,Asparagales
Comparettia_falcata,Asparagales,Monocot,Asparagales
Pterygodium_catholicum,Asparagales,Monocot,Asparagales
Epipactis_helleborine,Asparagales,Monocot,Asparagales
Cypripedium_fasciculatum,Asparagales,Monocot,Asparagales
Pseudolaelia_corcovadensis,Asparagales,Monocot,Asparagales
Earina_autumnalis,Asparagales,Monocot,Asparagales
Dendrobium_cunninghamii,Asparagales,Monocot,Asparagales
Earina_aestivalis,Asparagales,Monocot,Asparagales
Earina_mucronata,Asparagales,Monocot,Asparagales
Gavilea_odoratissima,Asparagales,Monocot,Asparagales
Bletilla_striata,Asparagales,Monocot,Asparagales
Pterostylis_alobula,Asparagales,Monocot,Asparagales
Gastrodia_cunninghamii,Asparagales,Monocot,Asparagales
Pterostylis_patens,Asparagales,Monocot,Asparagales
Thelymitra_longifolia,Asparagales,Monocot,Asparagales
Serapias_vomeracea,Asparagales,Monocot,Asparagales
Cirrhaea_dependens,Asparagales,Monocot,Asparagales
Polystachya_concreta,Asparagales,Monocot,Asparagales
Polystachya_estrellensis,Asparagales,Monocot,Asparagales
Anacamptis_coriophora,Asparagales,Monocot,Asparagales
Anacamptis_morio,Asparagales,Monocot,Asparagales
Himantoglossum_robertianum,Asparagales,Monocot,Asparagales
Platanthera_obtusata,Asparagales,Monocot,Asparagales
Chloraea_bletioides,Asparagales,Monocot,Asparagales
Chloraea_chrysantha,Asparagales,Monocot,Asparagales
Chloraea_crispa,Asparagales,Monocot,Asparagales
Chloraea_galeata,Asparagales,Monocot,Asparagales
Angraecum_bracteosum,Asparagales,Monocot,Asparagales
Psilochilus_modestus,Asparagales,Monocot,Asparagales
Eria_coronaria,Asparagales,Monocot,Asparagales
Neottia_listeroides,Asparagales,Monocot,Asparagales
Cymbidium_goeringii,Asparagales,Monocot,Asparagales
Dendrobium_catenatum,Asparagales,Monocot,Asparagales
Satyrium_nepalense_var._ciliatum,Asparagales,Monocot,Asparagales
Eulophia_alta,Asparagales,Monocot,Asparagales
Cypripedium_plectrochilum,Asparagales,Monocot,Asparagales
Cypripedium_henryi,Asparagales,Monocot,Asparagales
Cypripedium_flavum,Asparagales,Monocot,Asparagales
Cypripedium_tibeticum,Asparagales,Monocot,Asparagales
Cypripedium_bardolphianum,Asparagales,Monocot,Asparagales
Cypripedium_farreri,Asparagales,Monocot,Asparagales
Cypripedium_micranthum,Asparagales,Monocot,Asparagales
Anacamptis_papilionacea,Asparagales,Monocot,Asparagales
Orchis_anthropophora,Asparagales,Monocot,Asparagales
Orchis_italica,Asparagales,Monocot,Asparagales
Gymnadenia_conopsea,Asparagales,Monocot,Asparagales
Dactylorhiza_lapponica,Asparagales,Monocot,Asparagales
Calanthe_hattorii,Asparagales,Monocot,Asparagales
Eulophia_graminea,Asparagales,Monocot,Asparagales
Goodyera_boninensis,Asparagales,Monocot,Asparagales
Luisia_boninensis,Asparagales,Monocot,Asparagales
Platanthera_boninensis,Asparagales,Monocot,Asparagales
Bulbophyllum_variegatum,Asparagales,Monocot,Asparagales
Trichocentrum_pumilum,Asparagales,Monocot,Asparagales
Myrmecophila_christinae,Asparagales,Monocot,Asparagales
Cattleya_wallisii,Asparagales,Monocot,Asparagales
Galearis_spathulata,Asparagales,Monocot,Asparagales
Ponerorchis_chusua,Asparagales,Monocot,Asparagales
Satyrium_pumilum,Asparagales,Monocot,Asparagales
Phaius_delavayi,Asparagales,Monocot,Asparagales
Cypripedium_japonicum,Asparagales,Monocot,Asparagales
Broughtonia_cubensis,Asparagales,Monocot,Asparagales
Epipactis_palustris,Asparagales,Monocot,Asparagales
Cymbidium_macrorhizon,Asparagales,Monocot,Asparagales
Cymbidium_lancifolium,Asparagales,Monocot,Asparagales
Cephalanthera_falcata,Asparagales,Monocot,Asparagales
Senghasiella_glaucifolia,Asparagales,Monocot,Asparagales
Epidendrum_paniculatum,Asparagales,Monocot,Asparagales
Bulbophyllum_ambrosia,Asparagales,Monocot,Asparagales
Gongora_quinquenervis,Asparagales,Monocot,Asparagales
Grobya_amherstiae,Asparagales,Monocot,Asparagales
Corymborkis_flava,Asparagales,Monocot,Asparagales
Stanhopea_insignis,Asparagales,Monocot,Asparagales
Stanhopea_lietzei,Asparagales,Monocot,Asparagales
Govenia_utriculata,Asparagales,Monocot,Asparagales
Cyrtopodium_flavum,Asparagales,Monocot,Asparagales
Habenaria_johannensis,Asparagales,Monocot,Asparagales
Habenaria_paulistana,Asparagales,Monocot,Asparagales
Elleanthus_brasiliensis,Asparagales,Monocot,Asparagales
Gavilea_araucana,Asparagales,Monocot,Asparagales
Gavilea_venosa,Asparagales,Monocot,Asparagales
Caladenia_arenicola,Asparagales,Monocot,Asparagales
Caladenia_flava,Asparagales,Monocot,Asparagales
Diuris_magnifica,Asparagales,Monocot,Asparagales
Pterostylis_sanguinea,Asparagales,Monocot,Asparagales
Cypripedium_candidum,Asparagales,Monocot,Asparagales
Cypripedium_macranthos,Asparagales,Monocot,Asparagales
Spiranthes_spiralis,Asparagales,Monocot,Asparagales
Eulophia_speciosa,Asparagales,Monocot,Asparagales
Eulophia_angolensis,Asparagales,Monocot,Asparagales
Calanthe_discolor,Asparagales,Monocot,Asparagales
Asphodelus_albus,Asparagales,Monocot,Asparagales
Asphodelus_aestivus,Asparagales,Monocot,Asparagales
Dianella_revoluta,Asparagales,Monocot,Asparagales
Aloe_africana,Asparagales,Monocot,Asparagales
Aloe_lineata_var._muirii,Asparagales,Monocot,Asparagales
Aloe_pluridens,Asparagales,Monocot,Asparagales
Aloe_hexapetala,Asparagales,Monocot,Asparagales
Aloe_pruinosa,Asparagales,Monocot,Asparagales
Bulbine_bulbosa,Asparagales,Monocot,Asparagales
Kniphofia_linearifolia,Asparagales,Monocot,Asparagales
Hemerocallis_hybrida,Asparagales,Monocot,Asparagales
Alstroemeria_aurea,Liliales,Monocot,Liliales
Uvularia_sessilifolia,Liliales,Monocot,Liliales
Burchardia_umbellata,Liliales,Monocot,Liliales
Wurmbea_biglandulosa,Liliales,Monocot,Liliales
Androcymbium_burchellii_subsp._pulchrum,Liliales,Monocot,Liliales
Erythronium_umbilicatum,Liliales,Monocot,Liliales
Clintonia_borealis,Liliales,Monocot,Liliales
Erythronium_americanum,Liliales,Monocot,Liliales
Lilium_auratum,Liliales,Monocot,Liliales
Toxicoscordion_paniculatum,Liliales,Monocot,Liliales
Lilium_formosanum,Liliales,Monocot,Liliales
Gagea_lutea,Liliales,Monocot,Liliales
Erythronium_grandiflorum,Liliales,Monocot,Liliales
Fritillaria_meleagris,Liliales,Monocot,Liliales
Erythronium_oregonum,Liliales,Monocot,Liliales
Trillium_catesbaei,Liliales,Monocot,Liliales
Trillium_grandiflorum,Liliales,Monocot,Liliales
Trillium_erectum,Liliales,Monocot,Liliales
Trillium_reliquum,Liliales,Monocot,Liliales
Trillium_camschatcense,Liliales,Monocot,Liliales
Trillium_recurvatum,Liliales,Monocot,Liliales
Paris_polyphylla,Liliales,Monocot,Liliales
Smilax_china,Liliales,Monocot,Liliales
Echinodorus_longipetalus,Alismatales,Monocot,Other
Arisaema_triphyllum,Alismatales,Monocot,Other
Arum_italicum,Alismatales,Monocot,Other
Alocasia_macrorrhizos,Alismatales,Monocot,Other
Philodendron_adamantinum,Alismatales,Monocot,Other
Hydrocharis_morsus-ranae,Alismatales,Monocot,Other
Phyllospadix_scouleri,Alismatales,Monocot,Other
Phyllospadix_serrulatus,Alismatales,Monocot,Other
Calyptrogyne_ghiesbreghtiana,Arecales,Monocot,Other
Oenocarpus_bataua,Arecales,Monocot,Other
Geonoma_pohliana_subsp._weddelliana,Arecales,Monocot,Other
Dypsis_decaryi,Arecales,Monocot,Other
Commelina_communis,Commelinales,Monocot,Other
Commelina_erecta,Commelinales,Monocot,Other
Dichorisandra_hexandra,Commelinales,Monocot,Other
Dichorisandra_incurva,Commelinales,Monocot,Other
Vellozia_declinans,Pandanales,Monocot,Other
Vellozia_epidendroides,Pandanales,Monocot,Other
Aechmea_lindenii_var._lindenii,Poales,Monocot,Poales
Dyckia_tuberosa,Poales,Monocot,Poales
Pitcairnia_brittoniana,Poales,Monocot,Poales
Aechmea_distichantha,Poales,Monocot,Poales
Encholirium_heloisae,Poales,Monocot,Poales
Vriesea_friburgensis,Poales,Monocot,Poales
Tillandsia_viridiflora,Poales,Monocot,Poales
Vriesea_ensiformis,Poales,Monocot,Poales
Vriesea_carinata,Poales,Monocot,Poales
Dyckia_brevifolia,Poales,Monocot,Poales
Aechmea_nudicaulis,Poales,Monocot,Poales
Aechmea_van-houtteana,Poales,Monocot,Poales
Billbergia_distachia_var._distachia,Poales,Monocot,Poales
Nidularium_itatiaiae,Poales,Monocot,Poales
Pitcairnia_flammea,Poales,Monocot,Poales
Quesnelia_augusto-coburgii,Poales,Monocot,Poales
Tillandsia_geminiflora,Poales,Monocot,Poales
Vriesea_gradata,Poales,Monocot,Poales
Vriesea_longicaulis,Poales,Monocot,Poales
Vriesea_gigantea,Poales,Monocot,Poales
Cladium_chinense,Poales,Monocot,Poales
Carex_arctata,Poales,Monocot,Poales
Carex_hirtifolia,Poales,Monocot,Poales
Carex_laxiflora,Poales,Monocot,Poales
Carex_pedunculata,Poales,Monocot,Poales
Carex_pensylvanica,Poales,Monocot,Poales
Carex_plantaginea,Poales,Monocot,Poales
Carex_scabrata,Poales,Monocot,Poales
Distichlis_spicata,Poales,Monocot,Poales
Spartina_alterniflora,Poales,Monocot,Poales
Spartina_patens,Poales,Monocot,Poales
Andropogon_gerardii,Poales,Monocot,Poales
Sorghastrum_nutans,Poales,Monocot,Poales
Merostachys_riedeliana,Poales,Monocot,Poales
Phragmites_australis,Poales,Monocot,Poales
Xyris_tennesseensis,Poales,Monocot,Poales
Canna_indica,Zingiberales,Monocot,Zingiberales
Canna_paniculata,Zingiberales,Monocot,Zingiberales
Costus_arabicus,Zingiberales,Monocot,Zingiberales
Heliconia_metallica,Zingiberales,Monocot,Zingiberales
Calathea_ovandensis,Zingiberales,Monocot,Zingiberales
Phrynium_imbricatum,Zingiberales,Monocot,Zingiberales
Saranthe_klotzschiana,Zingiberales,Monocot,Zingiberales
Calathea_cylindrica,Zingiberales,Monocot,Zingiberales
Afrocalathea_rhizantha,Zingiberales,Monocot,Zingiberales
Hypselodelphys_hirsuta,Zingiberales,Monocot,Zingiberales
Hypselodelphys_poggeana,Zingiberales,Monocot,Zingiberales
Hypselodelphys_scandens,Zingiberales,Monocot,Zingiberales
Marantochloa_conferta,Zingiberales,Monocot,Zingiberales
Marantochloa_grandiflora,Zingiberales,Monocot,Zingiberales
Sarcophrynium_brachystachyum,Zingiberales,Monocot,Zingiberales
Thaumatococcus_flavus,Zingiberales,Monocot,Zingiberales
Ensete_lasiocarpum,Zingiberales,Monocot,Zingiberales
Alpinia_kwangsiensis,Zingiberales,Monocot,Zingiberales
Caulokaempferia_coenobialis,Zingiberales,Monocot,Zingiberales
Alpinia_zerumbet,Zingiberales,Monocot,Zingiberales
Kaempferia_rotunda,Zingiberales,Monocot,Zingiberales
Hedychium_yunnanense,Zingiberales,Monocot,Zingiberales
Hedychium_spicatum,Zingiberales,Monocot,Zingiberales
Hedychium_villosum,Zingiberales,Monocot,Zingiberales
Hedychium_villosum_var._tenuiflorum,Zingiberales,Monocot,Zingiberales
